{"schema":{"fields":[{"name":"index","type":"integer"},{"name":"time","type":"string"},{"name":"count","type":"string"},{"name":"min","type":"string"},{"name":"max","type":"string"},{"name":"mean","type":"string"},{"name":"std","type":"string"}],"primaryKey":["index"],"pandas_version":"1.4.0"},"data":[{"index":0,"time":"2025-08-28T09:45:00.000","count":8,"min":0.0,"max":1917876.0,"mean":239740.8839851885,"std":678068.9832421195},{"index":1,"time":"2025-08-28T10:00:00.000","count":8,"min":0.0,"max":1917876.0,"mean":239740.6215677627,"std":678069.0892569685},{"index":2,"time":"2025-08-28T10:15:00.000","count":8,"min":0.0,"max":1917876.0,"mean":239740.8775670345,"std":678068.985835514},{"index":3,"time":"2025-08-28T10:30:00.000","count":8,"min":0.0,"max":1917876.0,"mean":239740.8382325744,"std":678069.0017294678},{"index":4,"time":"2025-08-28T10:45:00.000","count":8,"min":0.0,"max":1917876.0,"mean":239740.843198712,"std":678068.99972279}]}